1,,2007-02-16 04:19:48.998 오후,,,,,"N:","<==== Connected :192.168.0.21",
2,"TX",2007-02-16 04:19:48.998 오후,"Server:0","0000000","00","Q","N:ID000000000","032 K1000000000Q0ID0000000005C",
3,"RX",2007-02-16 04:19:49.029 오후,"192.168.0.21","0000000","00","a","N:","021 K1000000000a08B",
4,"RX",2007-02-16 04:19:49.139 오후,"192.168.0.21","0000000","00","i","N:ID00000000000","048 K1000000000iNID00000000000              FF",
5,"TX",2007-02-16 04:19:49.139 오후,"Server:0","0000000","00","a","N:","021 K1000000000aN6D",
6,"TX",2007-02-16 04:19:49.154 오후,"Server:0","0000000","00","R","N:VR00","025 K1000000000R1VR008D",
7,"RX",2007-02-16 04:19:49.185 오후,"192.168.0.21","0000000","00","a","N:","021 K1000000000a18A",
8,"RX",2007-02-16 04:19:49.279 오후,"192.168.0.21","0000000","00","r","N:VR00V00.01.001, Vwz.04.008, 15:38:58","057 K1000000000rOVR00V00.01.001, Vwz.04.008, 15:38:585D",
9,"TX",2007-02-16 04:19:49.279 오후,"Server:0","0000000","00","a","N:","021 K1000000000aO6C",
10,"TX",2007-02-16 04:19:56.514 오후,"Server:0","0000000","00","F","N:FU000000626,0009002","040 K1000000000F2FU000000626,0009002C3",
11,"RX",2007-02-16 04:19:56.545 오후,"192.168.0.21","0000000","00","f","N:FU0000","027 K1000000000fPFU000005",
12,"TX",2007-02-16 04:19:56.545 오후,"Server:0","0000000","00","a","N:","021 K1000000000aP6B",
13,"RX",2007-02-16 04:20:05.748 오후,"192.168.0.21","0000000","00","F","N:fi00","025 K1000000000FQfi0052",
14,"TX",2007-02-16 04:20:05.748 오후,"Server:0","0000000","00","a","N:","021 K1000000000aQ6A",
15,"TX",2007-02-16 04:20:41.779 오후,"Server:0","0000000","00","F","N:FI004F00004F0000FD00004B0000F80000FD0000","061 K1000000000F3FI004F00004F0000FD00004B0000F80000FD000034",
16,"RX",2007-02-16 04:20:44.607 오후,"192.168.0.21","0000000","00","F","N:fi00","025 K1000000000FQfi0052",
17,"TX",2007-02-16 04:20:44.607 오후,"Server:0","0000000","00","a","N:","021 K1000000000aQ6A",
18,"TX",2007-02-16 04:21:14.045 오후,"Server:0","0000000","00","F","N:FI004F00004F0000FD00004B0000F80000FD0000","061 K1000000000F4FI004F00004F0000FD00004B0000F80000FD000033",
19,"RX",2007-02-16 04:21:16.982 오후,"192.168.0.21","0000000","00","F","N:fi00","025 K1000000000FQfi0052",
20,"TX",2007-02-16 04:21:16.982 오후,"Server:0","0000000","00","a","N:","021 K1000000000aQ6A",
21,"TX",2007-02-16 04:22:21.732 오후,"Server:0","0000000","00","F","N:FI004F00004F0000FD00004B0000F80000FD0000","061 K1000000000F5FI004F00004F0000FD00004B0000F80000FD000032",
22,"RX",2007-02-16 04:22:21.732 오후,"192.168.0.21","0000000","00","F","N:fi00","025 K1000000000FQfi0052",
23,"TX",2007-02-16 04:22:21.732 오후,"Server:0","0000000","00","a","N:","021 K1000000000aQ6A",
24,"TX",2007-02-16 04:22:30.764 오후,"Server:0","0000000","00","F","N:FI004F00004F0000FD00004B0000F80000FD0000","061 K1000000000F6FI004F00004F0000FD00004B0000F80000FD000031",
25,"RX",2007-02-16 04:22:30.764 오후,"192.168.0.21","0000000","00","F","N:fi00","025 K1000000000FQfi0052",
26,"TX",2007-02-16 04:22:30.764 오후,"Server:0","0000000","00","a","N:","021 K1000000000aQ6A",
27,"TX",2007-02-16 04:22:30.779 오후,"Server:0","0000000","00","F","N:FI004F00004F0000FD00004B0000F80000FD0000","061 K1000000000F7FI004F00004F0000FD00004B0000F80000FD000030",
28,"RX",2007-02-16 04:22:30.779 오후,"192.168.0.21","0000000","00","F","N:fi00","025 K1000000000FQfi0052",
29,"TX",2007-02-16 04:22:30.779 오후,"Server:0","0000000","00","a","N:","021 K1000000000aQ6A",
30,"TX",2007-02-16 04:22:30.795 오후,"Server:0","0000000","00","F","N:FI004F00004F0000FD00004B0000F80000FD0000","061 K1000000000F8FI004F00004F0000FD00004B0000F80000FD00002F",
31,"RX",2007-02-16 04:22:30.795 오후,"192.168.0.21","0000000","00","F","N:fi00","025 K1000000000FQfi0052",
32,"TX",2007-02-16 04:22:30.795 오후,"Server:0","0000000","00","a","N:","021 K1000000000aQ6A",
33,"TX",2007-02-16 04:22:30.795 오후,"Server:0","0000000","00","F","N:FI004F00004F0000FD00004B0000F80000FD0000","061 K1000000000F9FI004F00004F0000FD00004B0000F80000FD00002E",
34,"RX",2007-02-16 04:22:30.810 오후,"192.168.0.21","0000000","00","F","N:fi00","025 K1000000000FQfi0052",
35,"TX",2007-02-16 04:22:30.810 오후,"Server:0","0000000","00","a","N:","021 K1000000000aQ6A",
36,"TX",2007-02-16 04:22:30.810 오후,"Server:0","0000000","00","F","N:FI004F00004F0000FD00004B0000F80000FD0000","061 K1000000000F0FI004F00004F0000FD00004B0000F80000FD000037",
37,"RX",2007-02-16 04:22:30.810 오후,"192.168.0.21","0000000","00","F","N:fi00","025 K1000000000FQfi0052",
38,"TX",2007-02-16 04:22:30.826 오후,"Server:0","0000000","00","a","N:","021 K1000000000aQ6A",
39,"TX",2007-02-16 04:22:30.826 오후,"Server:0","0000000","00","F","N:FI004F00004F0000FD00004B0000F80000FD0000","061 K1000000000F1FI004F00004F0000FD00004B0000F80000FD000036",
40,"RX",2007-02-16 04:22:30.842 오후,"192.168.0.21","0000000","00","F","N:fi00","025 K1000000000FQfi0052",
41,"TX",2007-02-16 04:22:30.842 오후,"Server:0","0000000","00","a","N:","021 K1000000000aQ6A",
42,"TX",2007-02-16 04:22:30.842 오후,"Server:0","0000000","00","F","N:FI004F00004F0000FD00004B0000F80000FD0000","061 K1000000000F2FI004F00004F0000FD00004B0000F80000FD000035",
43,"RX",2007-02-16 04:22:30.842 오후,"192.168.0.21","0000000","00","F","N:fi00","025 K1000000000FRfi0051",
44,"TX",2007-02-16 04:22:30.842 오후,"Server:0","0000000","00","a","N:","021 K1000000000aR69",
45,"TX",2007-02-16 04:22:30.857 오후,"Server:0","0000000","00","F","N:FI004F00004F0000FD00004B0000F80000FD0000","061 K1000000000F3FI004F00004F0000FD00004B0000F80000FD000034",
46,"RX",2007-02-16 04:22:30.857 오후,"192.168.0.21","0000000","00","F","N:fi00","025 K1000000000FRfi0051",
47,"TX",2007-02-16 04:22:30.873 오후,"Server:0","0000000","00","a","N:","021 K1000000000aR69",
48,"TX",2007-02-16 04:22:30.873 오후,"Server:0","0000000","00","F","N:FI004F00004F0000FD00004B0000F80000FD0000","061 K1000000000F4FI004F00004F0000FD00004B0000F80000FD000033",
49,"RX",2007-02-16 04:22:30.889 오후,"192.168.0.21","0000000","00","F","N:fi00","025 K1000000000FRfi0051",
50,"TX",2007-02-16 04:22:30.889 오후,"Server:0","0000000","00","a","N:","021 K1000000000aR69",
51,"TX",2007-02-16 04:22:30.889 오후,"Server:0","0000000","00","F","N:FI004F00004F0000FD00004B0000F80000FD0000","061 K1000000000F5FI004F00004F0000FD00004B0000F80000FD000032",
52,"RX",2007-02-16 04:22:30.904 오후,"192.168.0.21","0000000","00","F","N:fi00","025 K1000000000FRfi0051",
53,"TX",2007-02-16 04:22:30.904 오후,"Server:0","0000000","00","a","N:","021 K1000000000aR69",
54,"TX",2007-02-16 04:22:30.904 오후,"Server:0","0000000","00","F","N:FI004F00004F0000FD00004B0000F80000FD0000","061 K1000000000F6FI004F00004F0000FD00004B0000F80000FD000031",
55,"RX",2007-02-16 04:22:30.904 오후,"192.168.0.21","0000000","00","F","N:fi00","025 K1000000000FRfi0051",
56,"TX",2007-02-16 04:22:30.920 오후,"Server:0","0000000","00","a","N:","021 K1000000000aR69",
57,"TX",2007-02-16 04:22:30.920 오후,"Server:0","0000000","00","F","N:FI004F00004F0000FD00004B0000F80000FD0000","061 K1000000000F7FI004F00004F0000FD00004B0000F80000FD000030",
58,"RX",2007-02-16 04:22:30.920 오후,"192.168.0.21","0000000","00","F","N:fi00","025 K1000000000FRfi0051",
59,"TX",2007-02-16 04:22:30.920 오후,"Server:0","0000000","00","a","N:","021 K1000000000aR69",
60,"TX",2007-02-16 04:22:30.920 오후,"Server:0","0000000","00","F","N:FI004F00004F0000FD00004B0000F80000FD0000","061 K1000000000F8FI004F00004F0000FD00004B0000F80000FD00002F",
61,"RX",2007-02-16 04:22:30.920 오후,"192.168.0.21","0000000","00","F","N:fi00","025 K1000000000FRfi0051",
62,"TX",2007-02-16 04:22:30.920 오후,"Server:0","0000000","00","a","N:","021 K1000000000aR69",
63,"TX",2007-02-16 04:22:30.920 오후,"Server:0","0000000","00","F","N:FI004F00004F0000FD00004B0000F80000FD0000","061 K1000000000F9FI004F00004F0000FD00004B0000F80000FD00002E",
64,"RX",2007-02-16 04:22:30.920 오후,"192.168.0.21","0000000","00","F","N:fi00","025 K1000000000FRfi0051",
65,"TX",2007-02-16 04:22:30.935 오후,"Server:0","0000000","00","a","N:","021 K1000000000aR69",
66,"TX",2007-02-16 04:22:30.935 오후,"Server:0","0000000","00","F","N:FI004F00004F0000FD00004B0000F80000FD0000","061 K1000000000F0FI004F00004F0000FD00004B0000F80000FD000037",
67,"RX",2007-02-16 04:22:30.935 오후,"192.168.0.21","0000000","00","F","N:fi00","025 K1000000000FRfi0051",
68,"TX",2007-02-16 04:22:30.935 오후,"Server:0","0000000","00","a","N:","021 K1000000000aR69",
69,"TX",2007-02-16 04:22:30.935 오후,"Server:0","0000000","00","F","N:FI004F00004F0000FD00004B0000F80000FD0000","061 K1000000000F1FI004F00004F0000FD00004B0000F80000FD000036",
70,"RX",2007-02-16 04:22:30.935 오후,"192.168.0.21","0000000","00","F","N:fi00","025 K1000000000FRfi0051",
71,"TX",2007-02-16 04:22:30.935 오후,"Server:0","0000000","00","a","N:","021 K1000000000aR69",
72,"TX",2007-02-16 04:22:30.935 오후,"Server:0","0000000","00","F","N:FI004F00004F0000FD00004B0000F80000FD0000","061 K1000000000F2FI004F00004F0000FD00004B0000F80000FD000035",
73,"RX",2007-02-16 04:22:30.935 오후,"192.168.0.21","0000000","00","F","N:fi00","025 K1000000000FRfi0051",
74,"TX",2007-02-16 04:22:30.935 오후,"Server:0","0000000","00","a","N:","021 K1000000000aR69",
75,"TX",2007-02-16 04:22:30.951 오후,"Server:0","0000000","00","F","N:FI004F00004F0000FD00004B0000F80000FD0000","061 K1000000000F3FI004F00004F0000FD00004B0000F80000FD000034",
76,"RX",2007-02-16 04:22:30.951 오후,"192.168.0.21","0000000","00","F","N:fi00","025 K1000000000FRfi0051",
77,"TX",2007-02-16 04:22:30.951 오후,"Server:0","0000000","00","a","N:","021 K1000000000aR69",
78,"TX",2007-02-16 04:22:30.951 오후,"Server:0","0000000","00","F","N:FI004F00004F0000FD00004B0000F80000FD0000","061 K1000000000F4FI004F00004F0000FD00004B0000F80000FD000033",
79,"RX",2007-02-16 04:22:30.951 오후,"192.168.0.21","0000000","00","F","N:fi00","025 K1000000000FRfi0051",
80,"TX",2007-02-16 04:22:30.951 오후,"Server:0","0000000","00","a","N:","021 K1000000000aR69",
81,"TX",2007-02-16 04:22:30.951 오후,"Server:0","0000000","00","F","N:FI004F00004F0000FD00004B0000F80000FD0000","061 K1000000000F5FI004F00004F0000FD00004B0000F80000FD000032",
82,"RX",2007-02-16 04:22:30.951 오후,"192.168.0.21","0000000","00","F","N:fi00","025 K1000000000FRfi0051",
83,"TX",2007-02-16 04:22:30.951 오후,"Server:0","0000000","00","a","N:","021 K1000000000aR69",
84,"TX",2007-02-16 04:22:30.967 오후,"Server:0","0000000","00","F","N:FI004F00004F0000FD00004B0000F80000FD0000","061 K1000000000F6FI004F00004F0000FD00004B0000F80000FD000031",
85,"RX",2007-02-16 04:22:30.967 오후,"192.168.0.21","0000000","00","F","N:fi00","025 K1000000000FRfi0051",
86,"TX",2007-02-16 04:22:30.967 오후,"Server:0","0000000","00","a","N:","021 K1000000000aR69",
87,"TX",2007-02-16 04:22:30.967 오후,"Server:0","0000000","00","F","N:FI004F00004F0000FD00004B0000F80000FD0000","061 K1000000000F7FI004F00004F0000FD00004B0000F80000FD000030",
88,"RX",2007-02-16 04:22:30.967 오후,"192.168.0.21","0000000","00","F","N:fi00","025 K1000000000FRfi0051",
89,"TX",2007-02-16 04:22:30.967 오후,"Server:0","0000000","00","a","N:","021 K1000000000aR69",
90,"TX",2007-02-16 04:22:30.967 오후,"Server:0","0000000","00","F","N:FI004F00004F0000FD00004B0000F80000FD0000","061 K1000000000F8FI004F00004F0000FD00004B0000F80000FD00002F",
91,"RX",2007-02-16 04:22:30.982 오후,"192.168.0.21","0000000","00","F","N:fi00","025 K1000000000FRfi0051",
92,"TX",2007-02-16 04:22:30.982 오후,"Server:0","0000000","00","a","N:","021 K1000000000aR69",
93,"TX",2007-02-16 04:22:30.982 오후,"Server:0","0000000","00","F","N:FI004F00004F0000FD00004B0000F80000FD0000","061 K1000000000F9FI004F00004F0000FD00004B0000F80000FD00002E",
94,"RX",2007-02-16 04:22:30.982 오후,"192.168.0.21","0000000","00","F","N:fi00","025 K1000000000FRfi0051",
95,"TX",2007-02-16 04:22:30.982 오후,"Server:0","0000000","00","a","N:","021 K1000000000aR69",
96,"TX",2007-02-16 04:22:30.982 오후,"Server:0","0000000","00","F","N:FI004F00004F0000FD00004B0000F80000FD0000","061 K1000000000F0FI004F00004F0000FD00004B0000F80000FD000037",
97,"RX",2007-02-16 04:22:30.998 오후,"192.168.0.21","0000000","00","F","N:fi00","025 K1000000000FRfi0051",
98,"TX",2007-02-16 04:22:30.998 오후,"Server:0","0000000","00","a","N:","021 K1000000000aR69",
99,"TX",2007-02-16 04:22:30.998 오후,"Server:0","0000000","00","F","N:FI004F00004F0000FD00004B0000F80000FD0000","061 K1000000000F1FI004F00004F0000FD00004B0000F80000FD000036",
100,"RX",2007-02-16 04:22:30.998 오후,"192.168.0.21","0000000","00","F","N:fi00","025 K1000000000FRfi0051",
101,"TX",2007-02-16 04:22:30.998 오후,"Server:0","0000000","00","a","N:","021 K1000000000aR69",
102,"TX",2007-02-16 04:22:30.998 오후,"Server:0","0000000","00","F","N:FI004F00004F0000FD00004B0000F80000FD0000","061 K1000000000F2FI004F00004F0000FD00004B0000F80000FD000035",
103,"RX",2007-02-16 04:22:30.998 오후,"192.168.0.21","0000000","00","F","N:fi00","025 K1000000000FRfi0051",
104,"TX",2007-02-16 04:22:30.998 오후,"Server:0","0000000","00","a","N:","021 K1000000000aR69",
105,"TX",2007-02-16 04:22:30.998 오후,"Server:0","0000000","00","F","N:FI004F00004F0000FD00004B0000F80000FD0000","061 K1000000000F3FI004F00004F0000FD00004B0000F80000FD000034",
106,"RX",2007-02-16 04:22:30.998 오후,"192.168.0.21","0000000","00","F","N:fi00","025 K1000000000FRfi0051",
107,"TX",2007-02-16 04:22:31.014 오후,"Server:0","0000000","00","a","N:","021 K1000000000aR69",
108,"TX",2007-02-16 04:22:31.014 오후,"Server:0","0000000","00","F","N:FI004F00004F0000FD00004B0000F80000FD0000","061 K1000000000F4FI004F00004F0000FD00004B0000F80000FD000033",
109,"RX",2007-02-16 04:22:31.014 오후,"192.168.0.21","0000000","00","F","N:fi00","025 K1000000000FRfi0051",
110,"TX",2007-02-16 04:22:31.014 오후,"Server:0","0000000","00","a","N:","021 K1000000000aR69",
111,"TX",2007-02-16 04:22:31.014 오후,"Server:0","0000000","00","F","N:FI004F00004F0000FD00004B0000F80000FD0000","061 K1000000000F5FI004F00004F0000FD00004B0000F80000FD000032",
112,"RX",2007-02-16 04:22:31.014 오후,"192.168.0.21","0000000","00","F","N:fi00","025 K1000000000FRfi0051",
113,"TX",2007-02-16 04:22:31.014 오후,"Server:0","0000000","00","a","N:","021 K1000000000aR69",
114,"TX",2007-02-16 04:22:31.014 오후,"Server:0","0000000","00","F","N:FI004F00004F0000FD00004B0000F80000FD0000","061 K1000000000F6FI004F00004F0000FD00004B0000F80000FD000031",
115,"RX",2007-02-16 04:22:31.014 오후,"192.168.0.21","0000000","00","F","N:fi00","025 K1000000000FRfi0051",
116,"TX",2007-02-16 04:22:31.029 오후,"Server:0","0000000","00","a","N:","021 K1000000000aR69",
117,"TX",2007-02-16 04:22:31.029 오후,"Server:0","0000000","00","F","N:FI004F00004F0000FD00004B0000F80000FD0000","061 K1000000000F7FI004F00004F0000FD00004B0000F80000FD000030",
118,"RX",2007-02-16 04:22:31.029 오후,"192.168.0.21","0000000","00","F","N:fi00","025 K1000000000FRfi0051",
119,"TX",2007-02-16 04:22:31.029 오후,"Server:0","0000000","00","a","N:","021 K1000000000aR69",
120,"TX",2007-02-16 04:22:31.029 오후,"Server:0","0000000","00","F","N:FI004F00004F0000FD00004B0000F80000FD0000","061 K1000000000F8FI004F00004F0000FD00004B0000F80000FD00002F",
121,"RX",2007-02-16 04:22:31.029 오후,"192.168.0.21","0000000","00","F","N:fi00","025 K1000000000FRfi0051",
122,"TX",2007-02-16 04:22:31.029 오후,"Server:0","0000000","00","a","N:","021 K1000000000aR69",
123,"TX",2007-02-16 04:22:31.029 오후,"Server:0","0000000","00","F","N:FI004F00004F0000FD00004B0000F80000FD0000","061 K1000000000F9FI004F00004F0000FD00004B0000F80000FD00002E",
124,"RX",2007-02-16 04:22:31.029 오후,"192.168.0.21","0000000","00","F","N:fi00","025 K1000000000FRfi0051",
125,"TX",2007-02-16 04:22:31.029 오후,"Server:0","0000000","00","a","N:","021 K1000000000aR69",
126,"TX",2007-02-16 04:22:31.029 오후,"Server:0","0000000","00","F","N:FI004F00004F0000FD00004B0000F80000FD0000","061 K1000000000F0FI004F00004F0000FD00004B0000F80000FD000037",
127,"RX",2007-02-16 04:22:31.045 오후,"192.168.0.21","0000000","00","F","N:fi00","025 K1000000000FRfi0051",
128,"TX",2007-02-16 04:22:31.045 오후,"Server:0","0000000","00","a","N:","021 K1000000000aR69",
129,"TX",2007-02-16 04:22:31.045 오후,"Server:0","0000000","00","F","N:FI004F00004F0000FD00004B0000F80000FD0000","061 K1000000000F1FI004F00004F0000FD00004B0000F80000FD000036",
130,"RX",2007-02-16 04:22:31.045 오후,"192.168.0.21","0000000","00","F","N:fi00","025 K1000000000FRfi0051",
131,"TX",2007-02-16 04:22:31.045 오후,"Server:0","0000000","00","a","N:","021 K1000000000aR69",
132,"TX",2007-02-16 04:22:31.045 오후,"Server:0","0000000","00","F","N:FI004F00004F0000FD00004B0000F80000FD0000","061 K1000000000F2FI004F00004F0000FD00004B0000F80000FD000035",
133,"RX",2007-02-16 04:22:31.045 오후,"192.168.0.21","0000000","00","F","N:fi00","025 K1000000000FRfi0051",
134,"TX",2007-02-16 04:22:31.045 오후,"Server:0","0000000","00","a","N:","021 K1000000000aR69",
135,"TX",2007-02-16 04:22:31.045 오후,"Server:0","0000000","00","F","N:FI004F00004F0000FD00004B0000F80000FD0000","061 K1000000000F3FI004F00004F0000FD00004B0000F80000FD000034",
136,"RX",2007-02-16 04:22:31.060 오후,"192.168.0.21","0000000","00","F","N:fi00","025 K1000000000FRfi0051",
137,"TX",2007-02-16 04:22:31.060 오후,"Server:0","0000000","00","a","N:","021 K1000000000aR69",
138,"TX",2007-02-16 04:22:31.060 오후,"Server:0","0000000","00","F","N:FI004F00004F0000FD00004B0000F80000FD0000","061 K1000000000F4FI004F00004F0000FD00004B0000F80000FD000033",
139,"RX",2007-02-16 04:22:31.060 오후,"192.168.0.21","0000000","00","F","N:fi00","025 K1000000000FRfi0051",
140,"TX",2007-02-16 04:22:31.060 오후,"Server:0","0000000","00","a","N:","021 K1000000000aR69",
141,"TX",2007-02-16 04:22:31.060 오후,"Server:0","0000000","00","F","N:FI004F00004F0000FD00004B0000F80000FD0000","061 K1000000000F5FI004F00004F0000FD00004B0000F80000FD000032",
142,"RX",2007-02-16 04:22:31.060 오후,"192.168.0.21","0000000","00","F","N:fi00","025 K1000000000FRfi0051",
143,"TX",2007-02-16 04:22:31.060 오후,"Server:0","0000000","00","a","N:","021 K1000000000aR69",
144,"TX",2007-02-16 04:22:31.060 오후,"Server:0","0000000","00","F","N:FI004F00004F0000FD00004B0000F80000FD0000","061 K1000000000F6FI004F00004F0000FD00004B0000F80000FD000031",
145,"RX",2007-02-16 04:22:31.060 오후,"192.168.0.21","0000000","00","F","N:fi00","025 K1000000000FRfi0051",
146,"TX",2007-02-16 04:22:31.060 오후,"Server:0","0000000","00","a","N:","021 K1000000000aR69",
147,"TX",2007-02-16 04:22:31.076 오후,"Server:0","0000000","00","F","N:FI004F00004F0000FD00004B0000F80000FD0000","061 K1000000000F7FI004F00004F0000FD00004B0000F80000FD000030",
148,"RX",2007-02-16 04:22:31.076 오후,"192.168.0.21","0000000","00","F","N:fi00","025 K1000000000FRfi0051",
149,"TX",2007-02-16 04:22:31.076 오후,"Server:0","0000000","00","a","N:","021 K1000000000aR69",
150,"TX",2007-02-16 04:22:31.076 오후,"Server:0","0000000","00","F","N:FI004F00004F0000FD00004B0000F80000FD0000","061 K1000000000F8FI004F00004F0000FD00004B0000F80000FD00002F",
151,"RX",2007-02-16 04:22:31.076 오후,"192.168.0.21","0000000","00","F","N:fi00","025 K1000000000FRfi0051",
152,"TX",2007-02-16 04:22:31.076 오후,"Server:0","0000000","00","a","N:","021 K1000000000aR69",
153,"TX",2007-02-16 04:22:31.076 오후,"Server:0","0000000","00","F","N:FI004F00004F0000FD00004B0000F80000FD0000","061 K1000000000F9FI004F00004F0000FD00004B0000F80000FD00002E",
154,"RX",2007-02-16 04:22:31.076 오후,"192.168.0.21","0000000","00","F","N:fi00","025 K1000000000FRfi0051",
155,"TX",2007-02-16 04:22:31.076 오후,"Server:0","0000000","00","a","N:","021 K1000000000aR69",
156,"TX",2007-02-16 04:22:31.076 오후,"Server:0","0000000","00","F","N:FI004F00004F0000FD00004B0000F80000FD0000","061 K1000000000F0FI004F00004F0000FD00004B0000F80000FD000037",
157,"RX",2007-02-16 04:22:31.076 오후,"192.168.0.21","0000000","00","F","N:fi00","025 K1000000000FRfi0051",
158,"TX",2007-02-16 04:22:31.092 오후,"Server:0","0000000","00","a","N:","021 K1000000000aR69",
159,"TX",2007-02-16 04:22:31.092 오후,"Server:0","0000000","00","F","N:FI004F00004F0000FD00004B0000F80000FD0000","061 K1000000000F1FI004F00004F0000FD00004B0000F80000FD000036",
160,"RX",2007-02-16 04:22:31.092 오후,"192.168.0.21","0000000","00","f","N:FI0000","027 K1000000000fSFI00000E",
161,"TX",2007-02-16 04:22:31.092 오후,"Server:0","0000000","00","a","N:","021 K1000000000aS68",
162,"RX",2007-02-16 04:22:34.326 오후,"192.168.0.21","0000000","00","f","N:FI0000","027 K1000000000fSFI00000E",
163,"TX",2007-02-16 04:22:34.326 오후,"Server:0","0000000","00","a","N:","021 K1000000000aS68",
164,"RX",2007-02-16 04:22:34.326 오후,"192.168.0.21","0000000","00","f","N:FI0000","027 K1000000000fSFI00000E",
165,"TX",2007-02-16 04:22:34.326 오후,"Server:0","0000000","00","a","N:","021 K1000000000aS68",
166,"RX",2007-02-16 04:22:34.326 오후,"192.168.0.21","0000000","00","f","N:FI0000","027 K1000000000fSFI00000E",
167,"TX",2007-02-16 04:22:34.342 오후,"Server:0","0000000","00","a","N:","021 K1000000000aS68",
168,"RX",2007-02-16 04:22:34.342 오후,"192.168.0.21","0000000","00","f","N:FI0000","027 K1000000000fSFI00000E",
169,"TX",2007-02-16 04:22:34.342 오후,"Server:0","0000000","00","a","N:","021 K1000000000aS68",
170,"RX",2007-02-16 04:22:34.342 오후,"192.168.0.21","0000000","00","f","N:FI0000","027 K1000000000fSFI00000E",
171,"TX",2007-02-16 04:22:34.342 오후,"Server:0","0000000","00","a","N:","021 K1000000000aS68",
172,"RX",2007-02-16 04:22:34.357 오후,"192.168.0.21","0000000","00","f","N:FI0000","027 K1000000000fSFI00000E",
173,"TX",2007-02-16 04:22:34.357 오후,"Server:0","0000000","00","a","N:","021 K1000000000aS68",
174,"RX",2007-02-16 04:22:34.357 오후,"192.168.0.21","0000000","00","f","N:FI0000","027 K1000000000fSFI00000E",
175,"TX",2007-02-16 04:22:34.357 오후,"Server:0","0000000","00","a","N:","021 K1000000000aS68",
176,"RX",2007-02-16 04:22:34.373 오후,"192.168.0.21","0000000","00","f","N:FI0000","027 K1000000000fSFI00000E",
177,"TX",2007-02-16 04:22:34.373 오후,"Server:0","0000000","00","a","N:","021 K1000000000aS68",
178,"RX",2007-02-16 04:22:34.373 오후,"192.168.0.21","0000000","00","f","N:FI0000","027 K1000000000fSFI00000E",
179,"TX",2007-02-16 04:22:34.373 오후,"Server:0","0000000","00","a","N:","021 K1000000000aS68",
180,"RX",2007-02-16 04:22:34.389 오후,"192.168.0.21","0000000","00","f","N:FI0000","027 K1000000000fSFI00000E",
181,"TX",2007-02-16 04:22:34.389 오후,"Server:0","0000000","00","a","N:","021 K1000000000aS68",
182,"RX",2007-02-16 04:22:34.389 오후,"192.168.0.21","0000000","00","f","N:FI0000","027 K1000000000fSFI00000E",
183,"TX",2007-02-16 04:22:34.389 오후,"Server:0","0000000","00","a","N:","021 K1000000000aS68",
184,"RX",2007-02-16 04:22:34.404 오후,"192.168.0.21","0000000","00","f","N:FI0000","027 K1000000000fSFI00000E",
185,"TX",2007-02-16 04:22:34.404 오후,"Server:0","0000000","00","a","N:","021 K1000000000aS68",
186,"RX",2007-02-16 04:22:34.420 오후,"192.168.0.21","0000000","00","f","N:FI0000","027 K1000000000fSFI00000E",
187,"TX",2007-02-16 04:22:34.420 오후,"Server:0","0000000","00","a","N:","021 K1000000000aS68",
188,"RX",2007-02-16 04:22:34.420 오후,"192.168.0.21","0000000","00","f","N:FI0000","027 K1000000000fSFI00000E",
189,"TX",2007-02-16 04:22:34.435 오후,"Server:0","0000000","00","a","N:","021 K1000000000aS68",
190,"RX",2007-02-16 04:22:34.435 오후,"192.168.0.21","0000000","00","f","N:FI0000","027 K1000000000fSFI00000E",
191,"TX",2007-02-16 04:22:34.451 오후,"Server:0","0000000","00","a","N:","021 K1000000000aS68",
192,"RX",2007-02-16 04:22:34.451 오후,"192.168.0.21","0000000","00","f","N:FI0000","027 K1000000000fSFI00000E",
193,"TX",2007-02-16 04:22:34.451 오후,"Server:0","0000000","00","a","N:","021 K1000000000aS68",
194,"RX",2007-02-16 04:22:34.451 오후,"192.168.0.21","0000000","00","f","N:FI0000","027 K1000000000fSFI00000E",
195,"TX",2007-02-16 04:22:34.451 오후,"Server:0","0000000","00","a","N:","021 K1000000000aS68",
196,"RX",2007-02-16 04:22:34.451 오후,"192.168.0.21","0000000","00","f","N:FI0000","027 K1000000000fSFI00000E",
197,"TX",2007-02-16 04:22:34.467 오후,"Server:0","0000000","00","a","N:","021 K1000000000aS68",
198,"RX",2007-02-16 04:22:34.467 오후,"192.168.0.21","0000000","00","f","N:FI0000","027 K1000000000fSFI00000E",
199,"TX",2007-02-16 04:22:34.467 오후,"Server:0","0000000","00","a","N:","021 K1000000000aS68",
200,"RX",2007-02-16 04:22:34.467 오후,"192.168.0.21","0000000","00","f","N:FI0000","027 K1000000000fSFI00000E",
201,"TX",2007-02-16 04:22:34.467 오후,"Server:0","0000000","00","a","N:","021 K1000000000aS68",
202,"RX",2007-02-16 04:22:34.467 오후,"192.168.0.21","0000000","00","f","N:FI0000","027 K1000000000fSFI00000E",
203,"TX",2007-02-16 04:22:34.467 오후,"Server:0","0000000","00","a","N:","021 K1000000000aS68",
204,"RX",2007-02-16 04:22:34.467 오후,"192.168.0.21","0000000","00","f","N:FI0000","027 K1000000000fSFI00000E",
205,"TX",2007-02-16 04:22:34.467 오후,"Server:0","0000000","00","a","N:","021 K1000000000aS68",
206,"RX",2007-02-16 04:22:34.467 오후,"192.168.0.21","0000000","00","f","N:FI0000","027 K1000000000fSFI00000E",
207,"TX",2007-02-16 04:22:34.482 오후,"Server:0","0000000","00","a","N:","021 K1000000000aS68",
208,"RX",2007-02-16 04:22:34.482 오후,"192.168.0.21","0000000","00","f","N:FI0000","027 K1000000000fSFI00000E",
209,"TX",2007-02-16 04:22:34.482 오후,"Server:0","0000000","00","a","N:","021 K1000000000aS68",
210,"RX",2007-02-16 04:22:34.482 오후,"192.168.0.21","0000000","00","f","N:FI0000","027 K1000000000fSFI00000E",
211,"TX",2007-02-16 04:22:34.482 오후,"Server:0","0000000","00","a","N:","021 K1000000000aS68",
212,"RX",2007-02-16 04:22:34.482 오후,"192.168.0.21","0000000","00","f","N:FI0000","027 K1000000000fSFI00000E",
213,"TX",2007-02-16 04:22:34.482 오후,"Server:0","0000000","00","a","N:","021 K1000000000aS68",
214,"RX",2007-02-16 04:22:34.482 오후,"192.168.0.21","0000000","00","f","N:FI0000","027 K1000000000fSFI00000E",
215,"TX",2007-02-16 04:22:34.482 오후,"Server:0","0000000","00","a","N:","021 K1000000000aS68",
216,"RX",2007-02-16 04:22:34.482 오후,"192.168.0.21","0000000","00","f","N:FI0000","027 K1000000000fSFI00000E",
217,"TX",2007-02-16 04:22:34.498 오후,"Server:0","0000000","00","a","N:","021 K1000000000aS68",
218,"RX",2007-02-16 04:22:34.498 오후,"192.168.0.21","0000000","00","f","N:FI0000","027 K1000000000fSFI00000E",
219,"TX",2007-02-16 04:22:34.498 오후,"Server:0","0000000","00","a","N:","021 K1000000000aS68",
220,"RX",2007-02-16 04:22:34.498 오후,"192.168.0.21","0000000","00","f","N:FI0000","027 K1000000000fSFI00000E",
221,"TX",2007-02-16 04:22:34.498 오후,"Server:0","0000000","00","a","N:","021 K1000000000aS68",
222,"RX",2007-02-16 04:22:34.498 오후,"192.168.0.21","0000000","00","f","N:FI0000","027 K1000000000fSFI00000E",
223,"TX",2007-02-16 04:22:34.498 오후,"Server:0","0000000","00","a","N:","021 K1000000000aS68",
224,"RX",2007-02-16 04:22:34.498 오후,"192.168.0.21","0000000","00","f","N:FI0000","027 K1000000000fTFI00000D",
225,"TX",2007-02-16 04:22:34.498 오후,"Server:0","0000000","00","a","N:","021 K1000000000aT67",
226,"RX",2007-02-16 04:22:34.498 오후,"192.168.0.21","0000000","00","f","N:FI0000","027 K1000000000fTFI00000D",
227,"TX",2007-02-16 04:22:34.498 오후,"Server:0","0000000","00","a","N:","021 K1000000000aT67",
228,"RX",2007-02-16 04:22:34.529 오후,"192.168.0.21","0000000","00","f","N:FI0000","027 K1000000000fTFI00000D",
229,"TX",2007-02-16 04:22:34.529 오후,"Server:0","0000000","00","a","N:","021 K1000000000aT67",
230,"RX",2007-02-16 04:22:34.529 오후,"192.168.0.21","0000000","00","f","N:FI0000","027 K1000000000fTFI00000D",
231,"TX",2007-02-16 04:22:34.545 오후,"Server:0","0000000","00","a","N:","021 K1000000000aT67",
232,"RX",2007-02-16 04:22:34.545 오후,"192.168.0.21","0000000","00","f","N:FI0000","027 K1000000000fTFI00000D",
233,"TX",2007-02-16 04:22:34.545 오후,"Server:0","0000000","00","a","N:","021 K1000000000aT67",
234,"RX",2007-02-16 04:22:34.545 오후,"192.168.0.21","0000000","00","f","N:FI0000","027 K1000000000fTFI00000D",
235,"TX",2007-02-16 04:22:34.545 오후,"Server:0","0000000","00","a","N:","021 K1000000000aT67",
236,"RX",2007-02-16 04:22:34.560 오후,"192.168.0.21","0000000","00","f","N:FI0000","027 K1000000000fTFI00000D",
237,"TX",2007-02-16 04:22:34.560 오후,"Server:0","0000000","00","a","N:","021 K1000000000aT67",
238,"RX",2007-02-16 04:22:34.560 오후,"192.168.0.21","0000000","00","f","N:FI0000","027 K1000000000fTFI00000D",
239,"TX",2007-02-16 04:22:34.560 오후,"Server:0","0000000","00","a","N:","021 K1000000000aT67",
240,"RX",2007-02-16 04:22:34.560 오후,"192.168.0.21","0000000","00","f","N:FI0000","027 K1000000000fTFI00000D",
241,"TX",2007-02-16 04:22:34.560 오후,"Server:0","0000000","00","a","N:","021 K1000000000aT67",
242,"RX",2007-02-16 04:22:34.560 오후,"192.168.0.21","0000000","00","f","N:FI0000","027 K1000000000fTFI00000D",
243,"TX",2007-02-16 04:22:34.560 오후,"Server:0","0000000","00","a","N:","021 K1000000000aT67",
244,"RX",2007-02-16 04:22:34.560 오후,"192.168.0.21","0000000","00","f","N:FI0000","027 K1000000000fTFI00000D",
245,"TX",2007-02-16 04:22:34.560 오후,"Server:0","0000000","00","a","N:","021 K1000000000aT67",
246,"RX",2007-02-16 04:22:34.560 오후,"192.168.0.21","0000000","00","f","N:FI0000","027 K1000000000fTFI00000D",
247,"TX",2007-02-16 04:22:34.560 오후,"Server:0","0000000","00","a","N:","021 K1000000000aT67",
248,"RX",2007-02-16 04:22:34.576 오후,"192.168.0.21","0000000","00","f","N:FI0000","027 K1000000000fTFI00000D",
249,"TX",2007-02-16 04:22:34.576 오후,"Server:0","0000000","00","a","N:","021 K1000000000aT67",
250,"RX",2007-02-16 04:22:34.576 오후,"192.168.0.21","0000000","00","f","N:FI0000","027 K1000000000fTFI00000D",
251,"TX",2007-02-16 04:22:34.576 오후,"Server:0","0000000","00","a","N:","021 K1000000000aT67",
252,"RX",2007-02-16 04:22:34.576 오후,"192.168.0.21","0000000","00","f","N:FI0000","027 K1000000000fTFI00000D",
253,"TX",2007-02-16 04:22:34.576 오후,"Server:0","0000000","00","a","N:","021 K1000000000aT67",
254,"RX",2007-02-16 04:22:34.576 오후,"192.168.0.21","0000000","00","f","N:FI0000","027 K1000000000fTFI00000D",
255,"TX",2007-02-16 04:22:34.576 오후,"Server:0","0000000","00","a","N:","021 K1000000000aT67",
256,"RX",2007-02-16 04:22:34.576 오후,"192.168.0.21","0000000","00","f","N:FI0000","027 K1000000000fTFI00000D",
257,"TX",2007-02-16 04:22:34.592 오후,"Server:0","0000000","00","a","N:","021 K1000000000aT67",
258,"RX",2007-02-16 04:22:34.592 오후,"192.168.0.21","0000000","00","f","N:FI0000","027 K1000000000fTFI00000D",
259,"TX",2007-02-16 04:22:34.592 오후,"Server:0","0000000","00","a","N:","021 K1000000000aT67",
260,"RX",2007-02-16 04:22:34.592 오후,"192.168.0.21","0000000","00","f","N:FI0000","027 K1000000000fTFI00000D",
261,"TX",2007-02-16 04:22:34.592 오후,"Server:0","0000000","00","a","N:","021 K1000000000aT67",
262,"RX",2007-02-16 04:22:34.592 오후,"192.168.0.21","0000000","00","f","N:FI0000","027 K1000000000fTFI00000D",
263,"TX",2007-02-16 04:22:34.592 오후,"Server:0","0000000","00","a","N:","021 K1000000000aT67",
264,"RX",2007-02-16 04:22:34.592 오후,"192.168.0.21","0000000","00","f","N:FI0000","027 K1000000000fTFI00000D",
265,"TX",2007-02-16 04:22:34.592 오후,"Server:0","0000000","00","a","N:","021 K1000000000aT67",
266,"RX",2007-02-16 04:22:34.607 오후,"192.168.0.21","0000000","00","f","N:FI0000","027 K1000000000fTFI00000D",
267,"TX",2007-02-16 04:22:34.607 오후,"Server:0","0000000","00","a","N:","021 K1000000000aT67",
268,"RX",2007-02-16 04:22:34.607 오후,"192.168.0.21","0000000","00","f","N:FI0000","027 K1000000000fTFI00000D",
269,"TX",2007-02-16 04:22:34.607 오후,"Server:0","0000000","00","a","N:","021 K1000000000aT67",
270,"RX",2007-02-16 04:22:34.607 오후,"192.168.0.21","0000000","00","f","N:FI0000","027 K1000000000fTFI00000D",
271,"TX",2007-02-16 04:22:34.607 오후,"Server:0","0000000","00","a","N:","021 K1000000000aT67",
272,"RX",2007-02-16 04:22:34.607 오후,"192.168.0.21","0000000","00","f","N:FI0000","027 K1000000000fTFI00000D",
273,"TX",2007-02-16 04:22:34.607 오후,"Server:0","0000000","00","a","N:","021 K1000000000aT67",
274,"RX",2007-02-16 04:22:34.607 오후,"192.168.0.21","0000000","00","f","N:FI0000","027 K1000000000fTFI00000D",
275,"TX",2007-02-16 04:22:34.623 오후,"Server:0","0000000","00","a","N:","021 K1000000000aT67",
276,"RX",2007-02-16 04:22:34.623 오후,"192.168.0.21","0000000","00","f","N:FI0000","027 K1000000000fTFI00000D",
277,"TX",2007-02-16 04:22:34.623 오후,"Server:0","0000000","00","a","N:","021 K1000000000aT67",
278,"RX",2007-02-16 04:22:34.623 오후,"192.168.0.21","0000000","00","f","N:FI0000","027 K1000000000fTFI00000D",
279,"TX",2007-02-16 04:22:34.623 오후,"Server:0","0000000","00","a","N:","021 K1000000000aT67",
280,"RX",2007-02-16 04:22:34.623 오후,"192.168.0.21","0000000","00","f","N:FI0000","027 K1000000000fTFI00000D",
281,"TX",2007-02-16 04:22:34.623 오후,"Server:0","0000000","00","a","N:","021 K1000000000aT67",
282,"RX",2007-02-16 04:22:34.623 오후,"192.168.0.21","0000000","00","f","N:FI0000","027 K1000000000fTFI00000D",
283,"TX",2007-02-16 04:22:34.623 오후,"Server:0","0000000","00","a","N:","021 K1000000000aT67",
284,"RX",2007-02-16 04:22:34.623 오후,"192.168.0.21","0000000","00","f","N:FI0000","027 K1000000000fTFI00000D",
285,"TX",2007-02-16 04:22:34.639 오후,"Server:0","0000000","00","a","N:","021 K1000000000aT67",
286,"RX",2007-02-16 04:22:34.639 오후,"192.168.0.21","0000000","00","f","N:FI0000","027 K1000000000fTFI00000D",
287,"TX",2007-02-16 04:22:34.639 오후,"Server:0","0000000","00","a","N:","021 K1000000000aT67",
288,"RX",2007-02-16 04:22:34.639 오후,"192.168.0.21","0000000","00","f","N:FI0000","027 K1000000000fTFI00000D",
289,"TX",2007-02-16 04:22:34.639 오후,"Server:0","0000000","00","a","N:","021 K1000000000aT67",
290,"RX",2007-02-16 04:22:34.639 오후,"192.168.0.21","0000000","00","f","N:FI0000","027 K1000000000fTFI00000D",
291,"TX",2007-02-16 04:22:34.639 오후,"Server:0","0000000","00","a","N:","021 K1000000000aT67",
292,"RX",2007-02-16 04:22:34.639 오후,"192.168.0.21","0000000","00","f","N:FI0000","027 K1000000000fTFI00000D",
293,"TX",2007-02-16 04:22:34.639 오후,"Server:0","0000000","00","a","N:","021 K1000000000aT67",
294,"RX",2007-02-16 04:22:34.654 오후,"192.168.0.21","0000000","00","f","N:FI0000","027 K1000000000fTFI00000D",
295,"TX",2007-02-16 04:22:34.654 오후,"Server:0","0000000","00","a","N:","021 K1000000000aT67",
296,"RX",2007-02-16 04:22:34.654 오후,"192.168.0.21","0000000","00","f","N:FI0000","027 K1000000000fTFI00000D",
297,"TX",2007-02-16 04:22:34.654 오후,"Server:0","0000000","00","a","N:","021 K1000000000aT67",
298,"RX",2007-02-16 04:22:34.654 오후,"192.168.0.21","0000000","00","f","N:FI0000","027 K1000000000fTFI00000D",
299,"TX",2007-02-16 04:22:34.654 오후,"Server:0","0000000","00","a","N:","021 K1000000000aT67",
300,"RX",2007-02-16 04:22:34.654 오후,"192.168.0.21","0000000","00","f","N:FI0000","027 K1000000000fTFI00000D",
301,"TX",2007-02-16 04:22:34.654 오후,"Server:0","0000000","00","a","N:","021 K1000000000aT67",
302,"RX",2007-02-16 04:22:34.654 오후,"192.168.0.21","0000000","00","f","N:FI0000","027 K1000000000fTFI00000D",
303,"TX",2007-02-16 04:22:34.654 오후,"Server:0","0000000","00","a","N:","021 K1000000000aT67",
304,"RX",2007-02-16 04:22:34.654 오후,"192.168.0.21","0000000","00","f","N:FI0000","027 K1000000000fTFI00000D",
305,"TX",2007-02-16 04:22:34.670 오후,"Server:0","0000000","00","a","N:","021 K1000000000aT67",
306,"RX",2007-02-16 04:22:34.670 오후,"192.168.0.21","0000000","00","f","N:FI0000","027 K1000000000fTFI00000D",
307,"TX",2007-02-16 04:22:34.670 오후,"Server:0","0000000","00","a","N:","021 K1000000000aT67",
308,"RX",2007-02-16 04:22:34.670 오후,"192.168.0.21","0000000","00","f","N:FI0000","027 K1000000000fTFI00000D",
309,"TX",2007-02-16 04:22:34.670 오후,"Server:0","0000000","00","a","N:","021 K1000000000aT67",
310,"RX",2007-02-16 04:22:34.670 오후,"192.168.0.21","0000000","00","f","N:FI0000","027 K1000000000fTFI00000D",
311,"TX",2007-02-16 04:22:34.670 오후,"Server:0","0000000","00","a","N:","021 K1000000000aT67",
312,"RX",2007-02-16 04:22:34.670 오후,"192.168.0.21","0000000","00","f","N:FI0000","027 K1000000000fTFI00000D",
313,"TX",2007-02-16 04:22:34.670 오후,"Server:0","0000000","00","a","N:","021 K1000000000aT67",
314,"RX",2007-02-16 04:22:34.670 오후,"192.168.0.21","0000000","00","f","N:FI0000","027 K1000000000fTFI00000D",
315,"TX",2007-02-16 04:22:34.685 오후,"Server:0","0000000","00","a","N:","021 K1000000000aT67",
316,"RX",2007-02-16 04:22:34.685 오후,"192.168.0.21","0000000","00","f","N:FI0000","027 K1000000000fTFI00000D",
317,"TX",2007-02-16 04:22:34.685 오후,"Server:0","0000000","00","a","N:","021 K1000000000aT67",
318,"RX",2007-02-16 04:22:34.685 오후,"192.168.0.21","0000000","00","f","N:FI0000","027 K1000000000fTFI00000D",
319,"TX",2007-02-16 04:22:34.685 오후,"Server:0","0000000","00","a","N:","021 K1000000000aT67",
320,"RX",2007-02-16 04:22:34.685 오후,"192.168.0.21","0000000","00","f","N:FI0000","027 K1000000000fTFI00000D",
321,"TX",2007-02-16 04:22:34.685 오후,"Server:0","0000000","00","a","N:","021 K1000000000aT67",
322,"RX",2007-02-16 04:22:34.685 오후,"192.168.0.21","0000000","00","f","N:FI0000","027 K1000000000fTFI00000D",
323,"TX",2007-02-16 04:22:34.685 오후,"Server:0","0000000","00","a","N:","021 K1000000000aT67",
324,"RX",2007-02-16 04:22:34.685 오후,"192.168.0.21","0000000","00","f","N:FI0000","027 K1000000000fTFI00000D",
325,"TX",2007-02-16 04:22:34.701 오후,"Server:0","0000000","00","a","N:","021 K1000000000aT67",
326,"RX",2007-02-16 04:22:34.701 오후,"192.168.0.21","0000000","00","f","N:FI0000","027 K1000000000fTFI00000D",
327,"TX",2007-02-16 04:22:34.701 오후,"Server:0","0000000","00","a","N:","021 K1000000000aT67",
328,"RX",2007-02-16 04:22:34.701 오후,"192.168.0.21","0000000","00","f","N:FI0000","027 K1000000000fTFI00000D",
329,"TX",2007-02-16 04:22:34.701 오후,"Server:0","0000000","00","a","N:","021 K1000000000aT67",
330,"RX",2007-02-16 04:22:34.701 오후,"192.168.0.21","0000000","00","f","N:FI0000","027 K1000000000fTFI00000D",
331,"TX",2007-02-16 04:22:34.701 오후,"Server:0","0000000","00","a","N:","021 K1000000000aT67",
332,"RX",2007-02-16 04:22:34.701 오후,"192.168.0.21","0000000","00","f","N:FI0000","027 K1000000000fTFI00000D",
333,"TX",2007-02-16 04:22:34.701 오후,"Server:0","0000000","00","a","N:","021 K1000000000aT67",
334,"RX",2007-02-16 04:22:34.717 오후,"192.168.0.21","0000000","00","f","N:FI0000","027 K1000000000fTFI00000D",
335,"TX",2007-02-16 04:22:34.717 오후,"Server:0","0000000","00","a","N:","021 K1000000000aT67",
336,"RX",2007-02-16 04:22:34.717 오후,"192.168.0.21","0000000","00","f","N:FI0000","027 K1000000000fTFI00000D",
337,"TX",2007-02-16 04:22:34.717 오후,"Server:0","0000000","00","a","N:","021 K1000000000aT67",
338,"RX",2007-02-16 04:22:34.717 오후,"192.168.0.21","0000000","00","f","N:FI0000","027 K1000000000fTFI00000D",
339,"TX",2007-02-16 04:22:34.717 오후,"Server:0","0000000","00","a","N:","021 K1000000000aT67",
340,"RX",2007-02-16 04:22:34.717 오후,"192.168.0.21","0000000","00","f","N:FI0000","027 K1000000000fTFI00000D",
341,"TX",2007-02-16 04:22:34.717 오후,"Server:0","0000000","00","a","N:","021 K1000000000aT67",
342,"RX",2007-02-16 04:22:34.717 오후,"192.168.0.21","0000000","00","f","N:FI0000","027 K1000000000fTFI00000D",
343,"TX",2007-02-16 04:22:34.732 오후,"Server:0","0000000","00","a","N:","021 K1000000000aT67",
344,"RX",2007-02-16 04:22:34.732 오후,"192.168.0.21","0000000","00","f","N:FI0000","027 K1000000000fTFI00000D",
345,"TX",2007-02-16 04:22:34.732 오후,"Server:0","0000000","00","a","N:","021 K1000000000aT67",
346,"RX",2007-02-16 04:22:34.732 오후,"192.168.0.21","0000000","00","f","N:FI0000","027 K1000000000fTFI00000D",
347,"TX",2007-02-16 04:22:34.732 오후,"Server:0","0000000","00","a","N:","021 K1000000000aT67",
348,"RX",2007-02-16 04:22:34.732 오후,"192.168.0.21","0000000","00","f","N:FI0000","027 K1000000000fTFI00000D",
349,"TX",2007-02-16 04:22:34.732 오후,"Server:0","0000000","00","a","N:","021 K1000000000aT67",
350,"RX",2007-02-16 04:22:34.732 오후,"192.168.0.21","0000000","00","f","N:FI0000","027 K1000000000fTFI00000D",
351,"TX",2007-02-16 04:22:34.732 오후,"Server:0","0000000","00","a","N:","021 K1000000000aT67",
352,"RX",2007-02-16 04:22:34.732 오후,"192.168.0.21","0000000","00","f","N:FI0000","027 K1000000000fUFI00000C",
353,"TX",2007-02-16 04:22:34.732 오후,"Server:0","0000000","00","a","N:","021 K1000000000aU66",
354,"RX",2007-02-16 04:22:34.748 오후,"192.168.0.21","0000000","00","f","N:FI0000","027 K1000000000fUFI00000C",
355,"TX",2007-02-16 04:22:34.748 오후,"Server:0","0000000","00","a","N:","021 K1000000000aU66",
356,"RX",2007-02-16 04:22:34.748 오후,"192.168.0.21","0000000","00","f","N:FI0000","027 K1000000000fUFI00000C",
357,"TX",2007-02-16 04:22:34.748 오후,"Server:0","0000000","00","a","N:","021 K1000000000aU66",
358,"RX",2007-02-16 04:22:34.748 오후,"192.168.0.21","0000000","00","f","N:FI0000","027 K1000000000fUFI00000C",
359,"TX",2007-02-16 04:22:34.748 오후,"Server:0","0000000","00","a","N:","021 K1000000000aU66",
360,"RX",2007-02-16 04:22:34.748 오후,"192.168.0.21","0000000","00","f","N:FI0000","027 K1000000000fUFI00000C",
361,"TX",2007-02-16 04:22:34.748 오후,"Server:0","0000000","00","a","N:","021 K1000000000aU66",
362,"RX",2007-02-16 04:22:34.748 오후,"192.168.0.21","0000000","00","f","N:FI0000","027 K1000000000fUFI00000C",
363,"TX",2007-02-16 04:22:34.748 오후,"Server:0","0000000","00","a","N:","021 K1000000000aU66",
364,"RX",2007-02-16 04:22:34.748 오후,"192.168.0.21","0000000","00","f","N:FI0000","027 K1000000000fUFI00000C",
365,"TX",2007-02-16 04:22:34.764 오후,"Server:0","0000000","00","a","N:","021 K1000000000aU66",
366,"RX",2007-02-16 04:22:34.764 오후,"192.168.0.21","0000000","00","f","N:FI0000","027 K1000000000fUFI00000C",
367,"TX",2007-02-16 04:22:34.764 오후,"Server:0","0000000","00","a","N:","021 K1000000000aU66",
368,"RX",2007-02-16 04:22:34.764 오후,"192.168.0.21","0000000","00","f","N:FI0000","027 K1000000000fUFI00000C",
369,"TX",2007-02-16 04:22:34.764 오후,"Server:0","0000000","00","a","N:","021 K1000000000aU66",
370,"RX",2007-02-16 04:22:34.764 오후,"192.168.0.21","0000000","00","f","N:FI0000","027 K1000000000fUFI00000C",
371,"TX",2007-02-16 04:22:34.764 오후,"Server:0","0000000","00","a","N:","021 K1000000000aU66",
372,"RX",2007-02-16 04:22:34.764 오후,"192.168.0.21","0000000","00","f","N:FI0000","027 K1000000000fUFI00000C",
373,"TX",2007-02-16 04:22:34.764 오후,"Server:0","0000000","00","a","N:","021 K1000000000aU66",
374,"RX",2007-02-16 04:22:34.779 오후,"192.168.0.21","0000000","00","f","N:FI0000","027 K1000000000fVFI00000B",
375,"TX",2007-02-16 04:22:34.779 오후,"Server:0","0000000","00","a","N:","021 K1000000000aV65",
376,"RX",2007-02-16 04:22:34.779 오후,"192.168.0.21","0000000","00","f","N:FI0000","027 K1000000000fVFI00000B",
377,"TX",2007-02-16 04:22:34.779 오후,"Server:0","0000000","00","a","N:","021 K1000000000aV65",
378,"RX",2007-02-16 04:22:34.779 오후,"192.168.0.21","0000000","00","f","N:FI0000","027 K1000000000fVFI00000B",
379,"TX",2007-02-16 04:22:34.779 오후,"Server:0","0000000","00","a","N:","021 K1000000000aV65",
380,"RX",2007-02-16 04:22:34.779 오후,"192.168.0.21","0000000","00","f","N:FI0000","027 K1000000000fWFI00000A",
381,"TX",2007-02-16 04:22:34.779 오후,"Server:0","0000000","00","a","N:","021 K1000000000aW64",
382,"RX",2007-02-16 04:22:34.779 오후,"192.168.0.21","0000000","00","F","N:fi00","025 K1000000000FXfi004B",
383,"TX",2007-02-16 04:22:34.779 오후,"Server:0","0000000","00","a","N:","021 K1000000000aX63",
384,"TX",2007-02-16 04:22:34.795 오후,"Server:0","0000000","00","F","N:FI004F00004F0000FD00004B0000F80000FD0000","061 K1000000000F2FI004F00004F0000FD00004B0000F80000FD000035",
385,"RX",2007-02-16 04:22:35.154 오후,"192.168.0.21","0000000","00","f","N:FI0000","027 K1000000000fYFI000008",
386,"TX",2007-02-16 04:22:35.154 오후,"Server:0","0000000","00","a","N:","021 K1000000000aY62",
387,"RX",2007-02-16 04:22:35.185 오후,"192.168.0.21","0000000","00","F","N:fp000000001","032 K1000000000FZfp000000001F3",
388,"TX",2007-02-16 04:22:35.185 오후,"Server:0","0000000","00","a","N:","021 K1000000000aZ61",
389,"TX",2007-02-16 04:22:35.185 오후,"Server:0","0000000","00","F","N:fP000000001S2144F08003E1D42124FAF0A20F210004F60AF0E202F","076 K1000000000F3fP000000001S2144F08003E1D42124FAF0A20F210004F60AF0E202F8D",
390,"RX",2007-02-16 04:22:35.232 오후,"192.168.0.21","0000000","00","f","N:fP0000","027 K1000000000fafP0000D9",
391,"TX",2007-02-16 04:22:35.232 오후,"Server:0","0000000","00","a","N:","021 K1000000000aa5A",
392,"RX",2007-02-16 04:22:35.264 오후,"192.168.0.21","0000000","00","F","N:fp000000002","032 K1000000000Fbfp000000002EA",
393,"TX",2007-02-16 04:22:35.279 오후,"Server:0","0000000","00","a","N:","021 K1000000000ab59",
394,"TX",2007-02-16 04:22:35.279 오후,"Server:0","0000000","00","F","N:fP000000002S2144F0810F214004F60AF1226F20C004F66AF162050","076 K1000000000F4fP000000002S2144F0810F214004F60AF1226F20C004F66AF162050AE",
395,"RX",2007-02-16 04:22:35.342 오후,"192.168.0.21","0000000","00","f","N:fP0000","027 K1000000000fcfP0000D7",
396,"TX",2007-02-16 04:22:35.342 오후,"Server:0","0000000","00","a","N:","021 K1000000000ac58",
397,"RX",2007-02-16 04:22:35.389 오후,"192.168.0.21","0000000","00","F","N:fp000000003","032 K1000000000Fdfp000000003E7",
398,"TX",2007-02-16 04:22:35.389 오후,"Server:0","0000000","00","a","N:","021 K1000000000ad57",
399,"TX",2007-02-16 04:22:35.404 오후,"Server:0","0000000","00","F","N:fP000000003S2144F0820F21A004F600B4F000BC0030B4F000BBE6E","076 K1000000000F5fP000000003S2144F0820F21A004F600B4F000BC0030B4F000BBE6E82",
400,"RX",2007-02-16 04:22:35.451 오후,"192.168.0.21","0000000","00","f","N:fP0000","027 K1000000000fefP0000D5",
401,"TX",2007-02-16 04:22:35.451 오후,"Server:0","0000000","00","a","N:","021 K1000000000ae56",
402,"RX",2007-02-16 04:22:35.482 오후,"192.168.0.21","0000000","00","F","N:fp000000004","032 K1000000000Fffp000000004E4",
403,"TX",2007-02-16 04:22:35.482 오후,"Server:0","0000000","00","a","N:","021 K1000000000af55",
404,"TX",2007-02-16 04:22:35.482 오후,"Server:0","0000000","00","F","N:fP000000004S2144F0830030B4F000BC2031DB2134FEFC80C000043","076 K1000000000F6fP000000004S2144F0830030B4F000BC2031DB2134FEFC80C0000439D",
405,"RX",2007-02-16 04:22:35.529 오후,"192.168.0.21","0000000","00","f","N:fP0000","027 K1000000000fgfP0000D3",
406,"TX",2007-02-16 04:22:35.545 오후,"Server:0","0000000","00","a","N:","021 K1000000000ag54",
407,"RX",2007-02-16 04:22:35.576 오후,"192.168.0.21","0000000","00","F","N:fp000000005","032 K1000000000Fhfp000000005E1",
408,"TX",2007-02-16 04:22:35.576 오후,"Server:0","0000000","00","a","N:","021 K1000000000ah53",
409,"TX",2007-02-16 04:22:35.576 오후,"Server:0","0000000","00","F","N:fP000000005S2144F084000CFD86604270168491D060A4F8F082136","076 K1000000000F7fP000000005S2144F084000CFD86604270168491D060A4F8F082136A8",
410,"RX",2007-02-16 04:22:35.623 오후,"192.168.0.21","0000000","00","f","N:fP0000","027 K1000000000fifP0000D1",
411,"TX",2007-02-16 04:22:35.623 오후,"Server:0","0000000","00","a","N:","021 K1000000000ai52",
412,"RX",2007-02-16 04:22:35.654 오후,"192.168.0.21","0000000","00","F","N:fp000000006","032 K1000000000Fjfp000000006DE",
413,"TX",2007-02-16 04:22:35.654 오후,"Server:0","0000000","00","a","N:","021 K1000000000aj51",
414,"TX",2007-02-16 04:22:35.654 오후,"Server:0","0000000","00","F","N:fP000000006S2144F0850D812D8CF54006627D8D9661DD8D86E0B75","076 K1000000000F8fP000000006S2144F0850D812D8CF54006627D8D9661DD8D86E0B754A",
415,"RX",2007-02-16 04:22:35.717 오후,"192.168.0.21","0000000","00","f","N:fP0000","027 K1000000000fkfP0000CF",
416,"TX",2007-02-16 04:22:35.717 오후,"Server:0","0000000","00","a","N:","021 K1000000000ak50",
417,"RX",2007-02-16 04:22:35.748 오후,"192.168.0.21","0000000","00","F","N:fp000000007","032 K1000000000Flfp000000007DB",
418,"TX",2007-02-16 04:22:35.748 오후,"Server:0","0000000","00","a","N:","021 K1000000000al4F",
419,"TX",2007-02-16 04:22:35.748 오후,"Server:0","0000000","00","F","N:fP000000007S2144F08608621F218004F411D8D0B4F0B0000DB12F7","076 K1000000000F9fP000000007S2144F08608621F218004F411D8D0B4F0B0000DB12F78E",
420,"RX",2007-02-16 04:22:35.795 오후,"192.168.0.21","0000000","00","f","N:fP0000","027 K1000000000fmfP0000CD",
421,"TX",2007-02-16 04:22:35.795 오후,"Server:0","0000000","00","a","N:","021 K1000000000am4E",
422,"RX",2007-02-16 04:22:35.826 오후,"192.168.0.21","0000000","00","F","N:fp000000008","032 K1000000000Fnfp000000008D8",
423,"TX",2007-02-16 04:22:35.826 오후,"Server:0","0000000","00","a","N:","021 K1000000000an4D",
424,"TX",2007-02-16 04:22:35.826 오후,"Server:0","0000000","00","F","N:fP000000008S2144F08702B1DEA094FEF6468171D670B4F68EC0B8B","076 K1000000000F0fP000000008S2144F08702B1DEA094FEF6468171D670B4F68EC0B8B2E",
425,"RX",2007-02-16 04:22:35.889 오후,"192.168.0.21","0000000","00","f","N:fP0000","027 K1000000000fofP0000CB",
426,"TX",2007-02-16 04:22:35.889 오후,"Server:0","0000000","00","a","N:","021 K1000000000ao4C",
427,"RX",2007-02-16 04:22:35.920 오후,"192.168.0.21","0000000","00","F","N:fp000000009","032 K1000000000Fpfp000000009D5",
428,"TX",2007-02-16 04:22:35.920 오후,"Server:0","0000000","00","a","N:","021 K1000000000ap4B",
429,"TX",2007-02-16 04:22:35.920 오후,"Server:0","0000000","00","F","N:fP000000009S2144F088000100B4F000B00083E1D01174FBF0A37D5","076 K1000000000F1fP000000009S2144F088000100B4F000B00083E1D01174FBF0A37D5A5",
430,"RX",2007-02-16 04:22:35.967 오후,"192.168.0.21","0000000","00","f","N:fP0000","027 K1000000000fqfP0000C9",
431,"TX",2007-02-16 04:22:35.967 오후,"Server:0","0000000","00","a","N:","021 K1000000000aq4A",
432,"RX",2007-02-16 04:22:35.998 오후,"192.168.0.21","0000000","00","F","N:fp000000010","032 K1000000000Frfp000000010DB",
433,"TX",2007-02-16 04:22:35.998 오후,"Server:0","0000000","00","a","N:","021 K1000000000ar49",
434,"TX",2007-02-16 04:22:35.998 오후,"Server:0","0000000","00","F","N:fP000000010S2084F089027005E0E7D","052 K1000000000F2fP000000010S2084F089027005E0E7DCE",
435,"RX",2007-02-16 04:22:36.045 오후,"192.168.0.21","0000000","00","f","N:fP0000","027 K1000000000fsfP0000C7",
436,"TX",2007-02-16 04:22:36.045 오후,"Server:0","0000000","00","a","N:","021 K1000000000as48",
437,"RX",2007-02-16 04:22:36.076 오후,"192.168.0.21","0000000","00","F","N:fp000000011","032 K1000000000Ftfp000000011D8",
438,"TX",2007-02-16 04:22:36.076 오후,"Server:0","0000000","00","a","N:","021 K1000000000at47",
439,"TX",2007-02-16 04:22:36.076 오후,"Server:0","0000000","00","F","N:fP000000011S2104F0894EF683E8F1E21D812289F1E20B2","068 K1000000000F3fP000000011S2104F0894EF683E8F1E21D812289F1E20B21F",
440,"RX",2007-02-16 04:22:36.123 오후,"192.168.0.21","0000000","00","f","N:fP0000","027 K1000000000fufP0000C5",
441,"TX",2007-02-16 04:22:36.123 오후,"Server:0","0000000","00","a","N:","021 K1000000000au46",
442,"RX",2007-02-16 04:22:36.154 오후,"192.168.0.21","0000000","00","F","N:fp000000012","032 K1000000000Fvfp000000012D5",
443,"TX",2007-02-16 04:22:36.170 오후,"Server:0","0000000","00","a","N:","021 K1000000000av45",
444,"TX",2007-02-16 04:22:36.170 오후,"Server:0","0000000","00","F","N:fP000000012S2144F08A0E81338AF1E263EAF1E20381E7300BF0E0D","076 K1000000000F4fP000000012S2144F08A0E81338AF1E263EAF1E20381E7300BF0E0D4E",
445,"RX",2007-02-16 04:22:36.217 오후,"192.168.0.21","0000000","00","f","N:fP0000","027 K1000000000fwfP0000C3",
446,"TX",2007-02-16 04:22:36.217 오후,"Server:0","0000000","00","a","N:","021 K1000000000aw44",
447,"RX",2007-02-16 04:22:36.248 오후,"192.168.0.21","0000000","00","F","N:fp000000013","032 K1000000000Fxfp000000013D2",
448,"TX",2007-02-16 04:22:36.248 오후,"Server:0","0000000","00","a","N:","021 K1000000000ax43",
449,"TX",2007-02-16 04:22:36.248 오후,"Server:0","0000000","00","F","N:fP000000013S2144F08B037BF0463AF048EE8A8BF0860AF0420E8D4","076 K1000000000F5fP000000013S2144F08B037BF0463AF048EE8A8BF0860AF0420E8D43A",
450,"RX",2007-02-16 04:22:36.295 오후,"192.168.0.21","0000000","00","f","N:fP0000","027 K1000000000fyfP0000C1",
451,"TX",2007-02-16 04:22:36.295 오후,"Server:0","0000000","00","a","N:","021 K1000000000ay42",
452,"RX",2007-02-16 04:22:36.326 오후,"192.168.0.21","0000000","00","F","N:fp000000014","032 K1000000000Fzfp000000014CF",
453,"TX",2007-02-16 04:22:36.342 오후,"Server:0","0000000","00","a","N:","021 K1000000000az41",
454,"TX",2007-02-16 04:22:36.342 오후,"Server:0","0000000","00","F","N:fP000000014S2144F08C0CF0000000063549F1C04AF162038AF16AD","076 K1000000000F6fP000000014S2144F08C0CF0000000063549F1C04AF162038AF16AD8C",
455,"RX",2007-02-16 04:22:36.389 오후,"192.168.0.21","0000000","00","f","N:fP0000","027 K1000000000f0fP00000A",
456,"TX",2007-02-16 04:22:36.389 오후,"Server:0","0000000","00","a","N:","021 K1000000000a08B",
457,"RX",2007-02-16 04:22:36.420 오후,"192.168.0.21","0000000","00","F","N:fp000000015","032 K1000000000F1fp00000001517",
458,"TX",2007-02-16 04:22:36.420 오후,"Server:0","0000000","00","a","N:","021 K1000000000a18A",
459,"TX",2007-02-16 04:22:36.420 오후,"Server:0","0000000","00","F","N:fP000000015S2144F08D020381D0A164FEFC80A000000CFD86E3DCD","076 K1000000000F7fP000000015S2144F08D020381D0A164FEFC80A000000CFD86E3DCD40",
460,"RX",2007-02-16 04:22:36.467 오후,"192.168.0.21","0000000","00","f","N:fP0000","027 K1000000000f2fP000008",
461,"TX",2007-02-16 04:22:36.482 오후,"Server:0","0000000","00","a","N:","021 K1000000000a289",
462,"RX",2007-02-16 04:22:36.498 오후,"192.168.0.21","0000000","00","F","N:fp000000016","032 K1000000000F3fp00000001614",
463,"TX",2007-02-16 04:22:36.514 오후,"Server:0","0000000","00","a","N:","021 K1000000000a388",
464,"TX",2007-02-16 04:22:36.529 오후,"Server:0","0000000","00","F","N:fP000000016S2144F08E09F1C20E813AF088038AF0820381E6B00D7","076 K1000000000F8fP000000016S2144F08E09F1C20E813AF088038AF0820381E6B00D769",
465,"RX",2007-02-16 04:22:36.560 오후,"192.168.0.21","0000000","00","f","N:fP0000","027 K1000000000f4fP000006",
466,"TX",2007-02-16 04:22:36.560 오후,"Server:0","0000000","00","a","N:","021 K1000000000a487",
467,"RX",2007-02-16 04:22:36.592 오후,"192.168.0.21","0000000","00","F","N:fp000000017","032 K1000000000F5fp00000001711",
468,"TX",2007-02-16 04:22:36.592 오후,"Server:0","0000000","00","a","N:","021 K1000000000a586",
469,"TX",2007-02-16 04:22:36.592 오후,"Server:0","0000000","00","F","N:fP000000017S2144F08F0EF60AF10209F1C21F307E0E430BF10607D","076 K1000000000F9fP000000017S2144F08F0EF60AF10209F1C21F307E0E430BF10607D57",
470,"RX",2007-02-16 04:22:36.639 오후,"192.168.0.21","0000000","00","f","N:fP0000","027 K1000000000f6fP000004",
471,"TX",2007-02-16 04:22:36.639 오후,"Server:0","0000000","00","a","N:","021 K1000000000a685",
472,"RX",2007-02-16 04:22:36.670 오후,"192.168.0.21","0000000","00","F","N:fp000000018","032 K1000000000F7fp0000000180E",
473,"TX",2007-02-16 04:22:36.670 오후,"Server:0","0000000","00","a","N:","021 K1000000000a784",
474,"TX",2007-02-16 04:22:36.685 오후,"Server:0","0000000","00","F","N:fP000000018S2144F0900AF1420F307E0E430BF14609F1C20E813B9","076 K1000000000F0fP000000018S2144F0900AF1420F307E0E430BF14609F1C20E813B97D",
475,"RX",2007-02-16 04:22:36.732 오후,"192.168.0.21","0000000","00","f","N:fP0000","027 K1000000000f8fP000002",
476,"TX",2007-02-16 04:22:36.732 오후,"Server:0","0000000","00","a","N:","021 K1000000000a883",
477,"RX",2007-02-16 04:22:36.764 오후,"192.168.0.21","0000000","00","F","N:fp000000019","032 K1000000000F9fp0000000190B",
478,"TX",2007-02-16 04:22:36.764 오후,"Server:0","0000000","00","a","N:","021 K1000000000a982",
479,"TX",2007-02-16 04:22:36.779 오후,"Server:0","0000000","00","F","N:fP000000019S2144F0910AF0888AF0820AF04F067AC27005EEF60E3","076 K1000000000F1fP000000019S2144F0910AF0888AF0820AF04F067AC27005EEF60E34F",
480,"RX",2007-02-16 04:22:36.826 오후,"192.168.0.21","0000000","00","f","N:fP0000","027 K1000000000fAfP0000F9",
481,"TX",2007-02-16 04:22:36.826 오후,"Server:0","0000000","00","a","N:","021 K1000000000aA7A",
482,"RX",2007-02-16 04:22:36.857 오후,"192.168.0.21","0000000","00","F","N:fp000000020","032 K1000000000FBfp0000000200A",
483,"TX",2007-02-16 04:22:36.857 오후,"Server:0","0000000","00","a","N:","021 K1000000000aB79",
484,"TX",2007-02-16 04:22:36.857 오후,"Server:0","0000000","00","F","N:fP000000020S2144F09200E3EAF1026EEE6660DAF0C20EE891DA1EB","076 K1000000000F2fP000000020S2144F09200E3EAF1026EEE6660DAF0C20EE891DA1EB1C",
485,"RX",2007-02-16 04:22:36.904 오후,"192.168.0.21","0000000","00","f","N:fP0000","027 K1000000000fCfP0000F7",
486,"TX",2007-02-16 04:22:36.904 오후,"Server:0","0000000","00","a","N:","021 K1000000000aC78",
487,"RX",2007-02-16 04:22:36.935 오후,"192.168.0.21","0000000","00","F","N:fp000000021","032 K1000000000FDfp00000002107",
488,"TX",2007-02-16 04:22:36.935 오후,"Server:0","0000000","00","a","N:","021 K1000000000aD77",
489,"TX",2007-02-16 04:22:36.951 오후,"Server:0","0000000","00","F","N:fP000000021S2144F0930174FEBE36E04EBA8681FEB8AEEF36F13CB","076 K1000000000F3fP000000021S2144F0930174FEBE36E04EBA8681FEB8AEEF36F13CBF3",
490,"RX",2007-02-16 04:22:36.998 오후,"192.168.0.21","0000000","00","f","N:fP0000","027 K1000000000fEfP0000F5",
491,"TX",2007-02-16 04:22:36.998 오후,"Server:0","0000000","00","a","N:","021 K1000000000aE76",
492,"RX",2007-02-16 04:22:37.029 오후,"192.168.0.21","0000000","00","F","N:fp000000022","032 K1000000000FFfp00000002204",
493,"TX",2007-02-16 04:22:37.029 오후,"Server:0","0000000","00","a","N:","021 K1000000000aF75",
494,"TX",2007-02-16 04:22:37.029 오후,"Server:0","0000000","00","F","N:fP000000022S2144F0940AF0C21EA81AF08818F1421B141EA61EEE5","076 K1000000000F4fP000000022S2144F0940AF0C21EA81AF08818F1421B141EA61EEE54A",
495,"RX",2007-02-16 04:22:37.076 오후,"192.168.0.21","0000000","00","f","N:fP0000","027 K1000000000fGfP0000F3",
496,"TX",2007-02-16 04:22:37.076 오후,"Server:0","0000000","00","a","N:","021 K1000000000aG74",
497,"RX",2007-02-16 04:22:37.107 오후,"192.168.0.21","0000000","00","F","N:fp000000023","032 K1000000000FHfp00000002301",
498,"TX",2007-02-16 04:22:37.123 오후,"Server:0","0000000","00","a","N:","021 K1000000000aH73",
499,"TX",2007-02-16 04:22:37.123 오후,"Server:0","0000000","00","F","N:fP000000023S2144F0950F267EDEE88EBA0E88B5E0E3EAF0820E820","076 K1000000000F5fP000000023S2144F0950F267EDEE88EBA0E88B5E0E3EAF0820E8200C",
500,"RX",2007-02-16 04:22:37.170 오후,"192.168.0.21","0000000","00","f","N:fP0000","027 K1000000000fIfP0000F1",
501,"TX",2007-02-16 04:22:37.170 오후,"Server:0","0000000","00","a","N:","021 K1000000000aI72",
502,"RX",2007-02-16 04:22:37.201 오후,"192.168.0.21","0000000","00","F","N:fp000000024","032 K1000000000FJfp000000024FE",
503,"TX",2007-02-16 04:22:37.201 오후,"Server:0","0000000","00","a","N:","021 K1000000000aJ71",
504,"TX",2007-02-16 04:22:37.201 오후,"Server:0","0000000","00","F","N:fP000000024S2144F0960E0661CAF0C20F064311DEB164FEB8EAFDC","076 K1000000000F6fP000000024S2144F0960E0661CAF0C20F064311DEB164FEB8EAFDC13",
505,"RX",2007-02-16 04:22:37.248 오후,"192.168.0.21","0000000","00","f","N:fP0000","027 K1000000000fKfP0000EF",
506,"TX",2007-02-16 04:22:37.248 오후,"Server:0","0000000","00","a","N:","021 K1000000000aK70",
507,"RX",2007-02-16 04:22:37.279 오후,"192.168.0.21","0000000","00","F","N:fp000000025","032 K1000000000FLfp000000025FB",
508,"TX",2007-02-16 04:22:37.279 오후,"Server:0","0000000","00","a","N:","021 K1000000000aL6F",
509,"TX",2007-02-16 04:22:37.295 오후,"Server:0","0000000","00","F","N:fP000000025S2144F09700821EE881DA7174F2B1D070A4FEF625E03","076 K1000000000F7fP000000025S2144F09700821EE881DA7174F2B1D070A4FEF625E0355",
510,"RX",2007-02-16 04:22:37.326 오후,"192.168.0.21","0000000","00","f","N:fP0000","027 K1000000000fMfP0000ED",
511,"TX",2007-02-16 04:22:37.342 오후,"Server:0","0000000","00","a","N:","021 K1000000000aM6E",
512,"RX",2007-02-16 04:22:37.373 오후,"192.168.0.21","0000000","00","F","N:fp000000026","032 K1000000000FNfp000000026F8",
513,"TX",2007-02-16 04:22:37.373 오후,"Server:0","0000000","00","a","N:","021 K1000000000aN6D",
514,"TX",2007-02-16 04:22:37.373 오후,"Server:0","0000000","00","F","N:fP000000026S2144F09800E3EAF0820E8E0661CAF0C20F064311D29","076 K1000000000F8fP000000026S2144F09800E3EAF0820E8E0661CAF0C20F064311D2961",
515,"RX",2007-02-16 04:22:37.420 오후,"192.168.0.21","0000000","00","f","N:fP0000","027 K1000000000fOfP0000EB",
516,"TX",2007-02-16 04:22:37.420 오후,"Server:0","0000000","00","a","N:","021 K1000000000aO6C",
517,"RX",2007-02-16 04:22:37.451 오후,"192.168.0.21","0000000","00","F","N:fp000000027","032 K1000000000FPfp000000027F5",
518,"TX",2007-02-16 04:22:37.451 오후,"Server:0","0000000","00","a","N:","021 K1000000000aP6B",
519,"TX",2007-02-16 04:22:37.451 오후,"Server:0","0000000","00","F","N:fP000000027S2144F0990EB164FEB8EAF0821EE881DA7174F2B1D7A","076 K1000000000F9fP000000027S2144F0990EB164FEB8EAF0821EE881DA7174F2B1D7A06",
520,"RX",2007-02-16 04:22:37.514 오후,"192.168.0.21","0000000","00","f","N:fP0000","027 K1000000000fQfP0000E9",
521,"TX",2007-02-16 04:22:37.529 오후,"Server:0","0000000","00","a","N:","021 K1000000000aQ6A",
522,"RX",2007-02-16 04:22:37.560 오후,"192.168.0.21","0000000","00","F","N:fp000000028","032 K1000000000FRfp000000028F2",
523,"TX",2007-02-16 04:22:37.560 오후,"Server:0","0000000","00","a","N:","021 K1000000000aR69",
524,"TX",2007-02-16 04:22:37.560 오후,"Server:0","0000000","00","F","N:fP000000028S20B4F09A0100A4FEF625E0ED6","058 K1000000000F0fP000000028S20B4F09A0100A4FEF625E0ED639",
525,"RX",2007-02-16 04:22:37.607 오후,"192.168.0.21","0000000","00","f","N:fP0000","027 K1000000000fSfP0000E7",
526,"TX",2007-02-16 04:22:37.607 오후,"Server:0","0000000","00","a","N:","021 K1000000000aS68",
527,"RX",2007-02-16 04:22:37.639 오후,"192.168.0.21","0000000","00","F","N:fp000000029","032 K1000000000FTfp000000029EF",
528,"TX",2007-02-16 04:22:37.639 오후,"Server:0","0000000","00","a","N:","021 K1000000000aT67",
529,"TX",2007-02-16 04:22:37.654 오후,"Server:0","0000000","00","F","N:fP000000029S20D4F09A7BFE037B700008F2E2188","062 K1000000000F1fP000000029S20D4F09A7BFE037B700008F2E218873",
530,"RX",2007-02-16 04:22:37.685 오후,"192.168.0.21","0000000","00","f","N:fP0000","027 K1000000000fUfP0000E5",
531,"TX",2007-02-16 04:22:37.701 오후,"Server:0","0000000","00","a","N:","021 K1000000000aU66",
532,"RX",2007-02-16 04:22:37.732 오후,"192.168.0.21","0000000","00","F","N:fp000000030","032 K1000000000FVfp000000030F5",
533,"TX",2007-02-16 04:22:37.732 오후,"Server:0","0000000","00","a","N:","021 K1000000000aV65",
534,"TX",2007-02-16 04:22:37.732 오후,"Server:0","0000000","00","F","N:fP000000030S2144F09B0D81228AF2C20380B0100BF0830388F34A0","076 K1000000000F2fP000000030S2144F09B0D81228AF2C20380B0100BF0830388F34A099",
535,"RX",2007-02-16 04:22:37.779 오후,"192.168.0.21","0000000","00","f","N:fP0000","027 K1000000000fWfP0000E3",
536,"TX",2007-02-16 04:22:37.795 오후,"Server:0","0000000","00","a","N:","021 K1000000000aW64",
537,"RX",2007-02-16 04:22:37.810 오후,"192.168.0.21","0000000","00","F","N:fp000000031","032 K1000000000FXfp000000031F2",
538,"TX",2007-02-16 04:22:37.810 오후,"Server:0","0000000","00","a","N:","021 K1000000000aX63",
539,"TX",2007-02-16 04:22:37.826 오후,"Server:0","0000000","00","F","N:fP000000031S2144F09C021D81228BF1030388F3821D812288F38A8","076 K1000000000F3fP000000031S2144F09C021D81228BF1030388F3821D812288F38A895",
540,"RX",2007-02-16 04:22:37.873 오후,"192.168.0.21","0000000","00","f","N:fP0000","027 K1000000000fYfP0000E1",
541,"TX",2007-02-16 04:22:37.873 오후,"Server:0","0000000","00","a","N:","021 K1000000000aY62",
542,"RX",2007-02-16 04:22:37.904 오후,"192.168.0.21","0000000","00","F","N:fp000000032","032 K1000000000FZfp000000032EF",
543,"TX",2007-02-16 04:22:37.904 오후,"Server:0","0000000","00","a","N:","021 K1000000000aZ61",
544,"TX",2007-02-16 04:22:37.904 오후,"Server:0","0000000","00","F","N:fP000000032S2144F09D021D812280B01001D680F4FDB122BBF1CAE","076 K1000000000F4fP000000032S2144F09D021D812280B01001D680F4FDB122BBF1CAE5B",
545,"RX",2007-02-16 04:22:37.951 오후,"192.168.0.21","0000000","00","f","N:fP0000","027 K1000000000fafP0000D9",
546,"TX",2007-02-16 04:22:37.967 오후,"Server:0","0000000","00","a","N:","021 K1000000000aa5A",
547,"RX",2007-02-16 04:22:37.982 오후,"192.168.0.21","0000000","00","F","N:fp000000033","032 K1000000000Fbfp000000033E6",
548,"TX",2007-02-16 04:22:37.998 오후,"Server:0","0000000","00","a","N:","021 K1000000000ab59",
549,"TX",2007-02-16 04:22:37.998 오후,"Server:0","0000000","00","F","N:fP000000033S2144F09E030381D18124FBF3E370E8F0621D812D8FB","076 K1000000000F5fP000000033S2144F09E030381D18124FBF3E370E8F0621D812D8FB57",
550,"RX",2007-02-16 04:22:38.045 오후,"192.168.0.21","0000000","00","f","N:fP0000","027 K1000000000fcfP0000D7",
551,"TX",2007-02-16 04:22:38.045 오후,"Server:0","0000000","00","a","N:","021 K1000000000ac58",
552,"RX",2007-02-16 04:22:38.092 오후,"192.168.0.21","0000000","00","F","N:fp000000034","032 K1000000000Fdfp000000034E3",
553,"TX",2007-02-16 04:22:38.092 오후,"Server:0","0000000","00","a","N:","021 K1000000000ad57",
554,"TX",2007-02-16 04:22:38.092 오후,"Server:0","0000000","00","F","N:fP000000034S2144F09F0D96E074000FFFF00B0D868FE681B1BE6A5","076 K1000000000F6fP000000034S2144F09F0D96E074000FFFF00B0D868FE681B1BE6A51F",
555,"RX",2007-02-16 04:22:38.139 오후,"192.168.0.21","0000000","00","f","N:fP0000","027 K1000000000fefP0000D5",
556,"TX",2007-02-16 04:22:38.139 오후,"Server:0","0000000","00","a","N:","021 K1000000000ae56",
557,"RX",2007-02-16 04:22:38.170 오후,"192.168.0.21","0000000","00","F","N:fp000000035","032 K1000000000Fffp000000035E0",
558,"TX",2007-02-16 04:22:38.170 오후,"Server:0","0000000","00","a","N:","021 K1000000000af55",
559,"TX",2007-02-16 04:22:38.170 오후,"Server:0","0000000","00","F","N:fP000000035S2144F0A00114F1BF3114F0E9F04041E1000EF620E82","076 K1000000000F7fP000000035S2144F0A00114F1BF3114F0E9F04041E1000EF620E8289",
560,"RX",2007-02-16 04:22:38.217 오후,"192.168.0.21","0000000","00","f","N:fP0000","027 K1000000000fgfP0000D3",
561,"TX",2007-02-16 04:22:38.232 오후,"Server:0","0000000","00","a","N:","021 K1000000000ag54",
562,"RX",2007-02-16 04:22:38.248 오후,"192.168.0.21","0000000","00","F","N:fp000000036","032 K1000000000Fhfp000000036DD",
563,"TX",2007-02-16 04:22:38.264 오후,"Server:0","0000000","00","a","N:","021 K1000000000ah53",
564,"TX",2007-02-16 04:22:38.264 오후,"Server:0","0000000","00","F","N:fP000000036S2114F0A109F04041EA000EF620E1BC3114F83","070 K1000000000F8fP000000036S2114F0A109F04041EA000EF620E1BC3114F83D2",
565,"RX",2007-02-16 04:22:38.310 오후,"192.168.0.21","0000000","00","f","N:fP0000","027 K1000000000fifP0000D1",
566,"TX",2007-02-16 04:22:38.310 오후,"Server:0","0000000","00","a","N:","021 K1000000000ai52",
567,"RX",2007-02-16 04:22:38.342 오후,"192.168.0.21","0000000","00","F","N:fp000000037","032 K1000000000Fjfp000000037DA",
568,"TX",2007-02-16 04:22:38.342 오후,"Server:0","0000000","00","a","N:","021 K1000000000aj51",
569,"TX",2007-02-16 04:22:38.342 오후,"Server:0","0000000","00","F","N:fP000000037S2074F0A1D3E9F089D","050 K1000000000F9fP000000037S2074F0A1D3E9F089D03",
570,"RX",2007-02-16 04:22:38.389 오후,"192.168.0.21","0000000","00","f","N:fP0000","027 K1000000000fkfP0000CF",
571,"TX",2007-02-16 04:22:38.389 오후,"Server:0","0000000","00","a","N:","021 K1000000000ak50",
572,"RX",2007-02-16 04:22:38.420 오후,"192.168.0.21","0000000","00","F","N:fp000000038","032 K1000000000Flfp000000038D7",
573,"TX",2007-02-16 04:22:38.420 오후,"Server:0","0000000","00","a","N:","021 K1000000000al4F",
574,"TX",2007-02-16 04:22:38.435 오후,"Server:0","0000000","00","F","N:fP000000038S2144F0A2021D9CF63006106F21E004F0064C21E003C","076 K1000000000F0fP000000038S2144F0A2021D9CF63006106F21E004F0064C21E003CA2",
575,"RX",2007-02-16 04:22:38.482 오후,"192.168.0.21","0000000","00","f","N:fP0000","027 K1000000000fmfP0000CD",
576,"TX",2007-02-16 04:22:38.482 오후,"Server:0","0000000","00","a","N:","021 K1000000000am4E",
577,"RX",2007-02-16 04:22:38.529 오후,"192.168.0.21","0000000","00","F","N:fp000000039","032 K1000000000Fnfp000000039D4",
578,"TX",2007-02-16 04:22:38.545 오후,"Server:0","0000000","00","a","N:","021 K1000000000an4D",
579,"TX",2007-02-16 04:22:38.545 오후,"Server:0","0000000","00","F","N:fP000000039S2144F0A304F61C21E004F21C9DA6779F21E004F0080","076 K1000000000F1fP000000039S2144F0A304F61C21E004F21C9DA6779F21E004F00807A",
580,"RX",2007-02-16 04:22:38.592 오후,"192.168.0.21","0000000","00","f","N:fP0000","027 K1000000000fofP0000CB",
581,"TX",2007-02-16 04:22:38.592 오후,"Server:0","0000000","00","a","N:","021 K1000000000ao4C",
582,"RX",2007-02-16 04:22:38.623 오후,"192.168.0.21","0000000","00","F","N:fp000000040","032 K1000000000Fpfp000000040DA",
583,"TX",2007-02-16 04:22:38.623 오후,"Server:0","0000000","00","a","N:","021 K1000000000ap4B",
584,"TX",2007-02-16 04:22:38.623 오후,"Server:0","0000000","00","F","N:fP000000040S2144F0A4000D98EEE13DE0B1000DED9F2EA114FE915","076 K1000000000F2fP000000040S2144F0A4000D98EEE13DE0B1000DED9F2EA114FE9152F",
585,"RX",2007-02-16 04:22:38.670 오후,"192.168.0.21","0000000","00","f","N:fP0000","027 K1000000000fqfP0000C9",
586,"TX",2007-02-16 04:22:38.670 오후,"Server:0","0000000","00","a","N:","021 K1000000000aq4A",
587,"RX",2007-02-16 04:22:38.701 오후,"192.168.0.21","0000000","00","F","N:fp000000041","032 K1000000000Frfp000000041D7",
588,"TX",2007-02-16 04:22:38.701 오후,"Server:0","0000000","00","a","N:","021 K1000000000ar49",
589,"TX",2007-02-16 04:22:38.717 오후,"Server:0","0000000","00","F","N:fP000000041S2144F0A50DEDA61081D04124F1DE6114FDEDB610C16","076 K1000000000F3fP000000041S2144F0A50DEDA61081D04124F1DE6114FDEDB610C1645",
590,"RX",2007-02-16 04:22:38.764 오후,"192.168.0.21","0000000","00","f","N:fP0000","027 K1000000000fsfP0000C7",
591,"TX",2007-02-16 04:22:38.764 오후,"Server:0","0000000","00","a","N:","021 K1000000000as48",
592,"RX",2007-02-16 04:22:38.795 오후,"192.168.0.21","0000000","00","F","N:fp000000042","032 K1000000000Ftfp000000042D4",
593,"TX",2007-02-16 04:22:38.795 오후,"Server:0","0000000","00","a","N:","021 K1000000000at47",
594,"TX",2007-02-16 04:22:38.795 오후,"Server:0","0000000","00","F","N:fP000000042S2144F0A601DD0114F1DE6114F1D00124FDEDC6110D9","076 K1000000000F4fP000000042S2144F0A601DD0114F1DE6114F1D00124FDEDC6110D959",
595,"TX",2007-02-16 04:22:38.826 오후,"Server:0","0000000","00","F","N:FU000000000,0000000","040 K1000000000F5FU000000000,0000000D9",
596,"RX",2007-02-16 04:22:38.873 오후,"192.168.0.21","0000000","00","f","N:fP0000","027 K1000000000fvfP0000C4",
597,"TX",2007-02-16 04:22:38.873 오후,"Server:0","0000000","00","a","N:","021 K1000000000av45",
598,"RX",2007-02-16 04:22:38.904 오후,"192.168.0.21","0000000","00","f","N:FU0000","027 K1000000000fwFU0000DE",
599,"TX",2007-02-16 04:22:38.904 오후,"Server:0","0000000","00","a","N:","021 K1000000000aw44",
